{
    "epoch": 16,
    "train_loss": 0.11287200388312339,
    "train_accuracy": 0.146703125,
    "val_loss": 0.11698972231149674,
    "val_accuracy": 0.12896875,
    "time": 420.683846950531,
    "num_train_batches": 250,
    "num_val_batches": 63
}