{
    "epoch": 18,
    "train_loss": 0.11931906390190125,
    "train_accuracy": 0.10680859375,
    "val_loss": 0.12042463785409928,
    "val_accuracy": 0.10453125,
    "time": 6.218026161193848,
    "num_train_batches": 250,
    "num_val_batches": 63
}