{
    "epoch": 20,
    "train_loss": 0.1186014122068882,
    "train_accuracy": 0.10895703125,
    "val_loss": 0.11992076390981674,
    "val_accuracy": 0.105921875,
    "time": 6.284748077392578,
    "num_train_batches": 250,
    "num_val_batches": 63
}