{
    "G4": {
        "id": 0,
        "freq": 51858,
        "prob": 0.016214446672392697
    },
    "C5": {
        "id": 1,
        "freq": 49214,
        "prob": 0.015387746896045629
    },
    "A4": {
        "id": 2,
        "freq": 49213,
        "prob": 0.015387434225933546
    },
    "D4": {
        "id": 3,
        "freq": 48895,
        "prob": 0.015288005130291198
    },
    "E4": {
        "id": 4,
        "freq": 48300,
        "prob": 0.0151019664136019
    },
    "F4": {
        "id": 5,
        "freq": 47650,
        "prob": 0.014898730840748045
    },
    "C4": {
        "id": 6,
        "freq": 46696,
        "prob": 0.014600443553821
    },
    "G#4": {
        "id": 7,
        "freq": 45823,
        "prob": 0.014327482545972669
    },
    "E-4": {
        "id": 8,
        "freq": 45478,
        "prob": 0.014219611357304084
    },
    "G3": {
        "id": 9,
        "freq": 44786,
        "prob": 0.014003243639742747
    },
    "B-4": {
        "id": 10,
        "freq": 44597,
        "prob": 0.013944148988559089
    },
    "D5": {
        "id": 11,
        "freq": 44214,
        "prob": 0.013824396335631355
    },
    "C#4": {
        "id": 12,
        "freq": 44119,
        "prob": 0.013794692674983483
    },
    "B4": {
        "id": 13,
        "freq": 43959,
        "prob": 0.013744665457050227
    },
    "F#4": {
        "id": 14,
        "freq": 43214,
        "prob": 0.013511726223548499
    },
    "B3": {
        "id": 15,
        "freq": 42193,
        "prob": 0.013192490039111904
    },
    "B-3": {
        "id": 16,
        "freq": 42150,
        "prob": 0.013179045224292342
    },
    "C#5": {
        "id": 17,
        "freq": 41391,
        "prob": 0.012941728609221454
    },
    "A3": {
        "id": 18,
        "freq": 40945,
        "prob": 0.0128022777392325
    },
    "G#3": {
        "id": 19,
        "freq": 40418,
        "prob": 0.012637500590164837
    },
    "F3": {
        "id": 20,
        "freq": 38911,
        "prob": 0.012166306731255974
    },
    "E-5": {
        "id": 21,
        "freq": 37784,
        "prob": 0.011813927514938597
    },
    "E5": {
        "id": 22,
        "freq": 35633,
        "prob": 0.011141374103848375
    },
    "F5": {
        "id": 23,
        "freq": 34274,
        "prob": 0.010716455421527774
    },
    "F#3": {
        "id": 24,
        "freq": 33750,
        "prob": 0.010552616282796358
    },
    "E3": {
        "id": 25,
        "freq": 33487,
        "prob": 0.010470384043318568
    },
    "D3": {
        "id": 26,
        "freq": 33414,
        "prob": 0.01044755912513652
    },
    "E-3": {
        "id": 27,
        "freq": 32199,
        "prob": 0.010067664938955851
    },
    "2.5": {
        "id": 28,
        "freq": 30988,
        "prob": 0.009689021433223513
    },
    "G5": {
        "id": 29,
        "freq": 29382,
        "prob": 0.009186873233218448
    },
    "4.7": {
        "id": 30,
        "freq": 29137,
        "prob": 0.009110269055758149
    },
    "C3": {
        "id": 31,
        "freq": 28348,
        "prob": 0.008863572337324776
    },
    "11.2": {
        "id": 32,
        "freq": 28008,
        "prob": 0.008757264499216605
    },
    "0.3": {
        "id": 33,
        "freq": 27864,
        "prob": 0.008712240003076674
    },
    "9.0": {
        "id": 34,
        "freq": 27676,
        "prob": 0.008653458022005097
    },
    "C#3": {
        "id": 35,
        "freq": 27133,
        "prob": 0.008483678151144107
    },
    "7.10": {
        "id": 36,
        "freq": 27043,
        "prob": 0.00845553784105665
    },
    "F#5": {
        "id": 37,
        "freq": 26144,
        "prob": 0.008174447410294163
    },
    "5.8": {
        "id": 38,
        "freq": 25445,
        "prob": 0.007955891001948247
    },
    "7": {
        "id": 39,
        "freq": 25251,
        "prob": 0.007895233000204173
    },
    "0.4": {
        "id": 40,
        "freq": 24769,
        "prob": 0.007744526006180238
    },
    "9": {
        "id": 41,
        "freq": 23555,
        "prob": 0.007364944490111652
    },
    "3.7": {
        "id": 42,
        "freq": 23493,
        "prob": 0.0073455589431625145
    },
    "6.9": {
        "id": 43,
        "freq": 23296,
        "prob": 0.007283962931082192
    },
    "10.2": {
        "id": 44,
        "freq": 23188,
        "prob": 0.007250194558977244
    },
    "G#5": {
        "id": 45,
        "freq": 22916,
        "prob": 0.007165148288490707
    },
    "7.11": {
        "id": 46,
        "freq": 22745,
        "prob": 0.007111681699324539
    },
    "5.9": {
        "id": 47,
        "freq": 22570,
        "prob": 0.007056964429710039
    },
    "0": {
        "id": 48,
        "freq": 22452,
        "prob": 0.0070200693564842626
    },
    "2": {
        "id": 49,
        "freq": 21843,
        "prob": 0.006829653258225803
    },
    "A5": {
        "id": 50,
        "freq": 21802,
        "prob": 0.006816833783630407
    },
    "1.4": {
        "id": 51,
        "freq": 21780,
        "prob": 0.006809955041164583
    },
    "B2": {
        "id": 52,
        "freq": 21616,
        "prob": 0.006758677142782996
    },
    "G#2": {
        "id": 53,
        "freq": 21503,
        "prob": 0.006723345420117633
    },
    "10.1": {
        "id": 54,
        "freq": 21329,
        "prob": 0.006668940820615216
    },
    "3.6": {
        "id": 55,
        "freq": 21190,
        "prob": 0.006625479675035699
    },
    "B-2": {
        "id": 56,
        "freq": 20813,
        "prob": 0.006507603042780463
    },
    "A2": {
        "id": 57,
        "freq": 20651,
        "prob": 0.00645695048462304
    },
    "5": {
        "id": 58,
        "freq": 20639,
        "prob": 0.006453198443278046
    },
    "8.11": {
        "id": 59,
        "freq": 20637,
        "prob": 0.00645257310305388
    },
    "7.0": {
        "id": 60,
        "freq": 20593,
        "prob": 0.0064388156181222345
    },
    "8.0": {
        "id": 61,
        "freq": 20379,
        "prob": 0.006371904214136504
    },
    "G2": {
        "id": 62,
        "freq": 20149,
        "prob": 0.006299990088357447
    },
    "3": {
        "id": 63,
        "freq": 20113,
        "prob": 0.006288733964322464
    },
    "2.6": {
        "id": 64,
        "freq": 20033,
        "prob": 0.0062637203553558354
    },
    "9.1": {
        "id": 65,
        "freq": 19973,
        "prob": 0.0062449601486308645
    },
    "10": {
        "id": 66,
        "freq": 19928,
        "prob": 0.006230889993587136
    },
    "1": {
        "id": 67,
        "freq": 19129,
        "prob": 0.005981066574032935
    },
    "4": {
        "id": 68,
        "freq": 19099,
        "prob": 0.005971686470670449
    },
    "0.2": {
        "id": 69,
        "freq": 18867,
        "prob": 0.005899147004667227
    },
    "2.7": {
        "id": 70,
        "freq": 18575,
        "prob": 0.005807847331939033
    },
    "6": {
        "id": 71,
        "freq": 18441,
        "prob": 0.005765949536919931
    },
    "5.7": {
        "id": 72,
        "freq": 18119,
        "prob": 0.005665269760829251
    },
    "8": {
        "id": 73,
        "freq": 18118,
        "prob": 0.005664957090717168
    },
    "7.9": {
        "id": 74,
        "freq": 17817,
        "prob": 0.005570843386980229
    },
    "1.5": {
        "id": 75,
        "freq": 17569,
        "prob": 0.005493301199183681
    },
    "2.4": {
        "id": 76,
        "freq": 17448,
        "prob": 0.005455468115621655
    },
    "11": {
        "id": 77,
        "freq": 17395,
        "prob": 0.005438896599681264
    },
    "0.5": {
        "id": 78,
        "freq": 17264,
        "prob": 0.00539793681499841
    },
    "4.8": {
        "id": 79,
        "freq": 17177,
        "prob": 0.005370734515247202
    },
    "B-5": {
        "id": 80,
        "freq": 16969,
        "prob": 0.005305699131933968
    },
    "3.8": {
        "id": 81,
        "freq": 16689,
        "prob": 0.005218151500550768
    },