{
    "epoch": 14,
    "train_loss": 0.14743634271621703,
    "train_accuracy": 0.0098203125,
    "val_loss": 0.14745435118675232,
    "val_accuracy": 0.01003125
}