{
    "epoch": 1,
    "train_loss": 0.14743634271621703,
    "train_accuracy": 0.0098671875,
    "val_loss": 0.14745435118675232,
    "val_accuracy": 0.01021875
}